<?xml version="1.0"?>
<!--<!DOCTYPE metadata SYSTEM "http://www.esri.com/metadata/esriprof80.dtd">-->
<metadata xml:lang="en"><Esri><MetaID>{E5DD207D-5F0A-434B-B995-B8BA8091F1D1}</MetaID><CreaDate>20071213</CreaDate><CreaTime>14513100</CreaTime><SyncOnce>TRUE</SyncOnce><DataProperties><lineage><Process ToolSource="C:\Program Files\ArcGIS\ArcToolbox\Toolboxes\Data Management Tools.tbx\AddSpatialIndex" Date="20071213" Time="145131">AddSpatialIndex T:\0806\KAF\AE03426\Technical\Deliverables\Shapefile_NZTM/med07.shp 0 0 0 T:\0806\KAF\AE03426\Technical\Deliverables\Shapefile_NZTM/med07.shp</Process></lineage></DataProperties></Esri></metadata>
